{
  "model": {
    "type": "select",
    "property": "custom_model_data",
    "fallback": {
      "type": "model",
      "model": "item/echo_shard"
    },
    "cases": [
      {
        "when": "iron_clump",
        "model": {
          "type": "model",
          "model": "item/iron_clump"
        }
      }, 
            {
        "when": "steel_upgrade_template",
        "model": {
          "type": "model",
          "model": "item/steel_upgrade_template"
        }
      }, 
            {
        "when": "bronze_ingot",
        "model": {
          "type": "model",
          "model": "item/bronze_ingot"
        }
      }, 
            {
        "when": "steel_ingot",
        "model": {
          "type": "model",
          "model": "item/steel_ingot"
        }
      }
    ]
  }
}
