{
  "oversized_in_gui": true,
  "model": {
    "type": "select",
    "property": "custom_model_data",
    "cases": [
      {
        "when": "player_head_display",
        "model": {
          "type": "special",
          "base": "item/player_head_display",
          "model": { 
            "type": "player_head" 
          }
        }
      }
    ],
    "fallback": {
      "type": "special",
      "base": "item/template_skull",
      "model": {
        "type": "player_head"
      }
    }
  }
}
